1,1,1,Kikyô,5,9,2008,8.2,https://www.imdb.com/title/tt0990165/?ref_=ttep_ep1
2,1,2,Akatsuki shidô,15,2,2007,7.8,https://www.imdb.com//title/tt0990163
3,1,3,Shûgyô no seika,22,2,2007,7.9,https://www.imdb.com//title/tt0990167
4,1,4,Suna no jinchûriki,1,3,2007,8.1,https://www.imdb.com//title/tt0990168
5,1,5,Kazekage to shite...!,15,3,2007,8.1,https://www.imdb.com//title/tt0990164
6,1,6,Noruma kuriâ,29,3,2007,8.1,https://www.imdb.com//title/tt0990166
7,1,7,Shissôre Kankurô,29,3,2007,7.6,https://www.imdb.com//title/tt0996817
8,1,8,Shutsugeki Kakashi han,12,4,2007,7.6,https://www.imdb.com//title/tt1191046
9,1,9,Jinchûriki no namida,12,4,2007,7.4,https://www.imdb.com//title/tt1202309
10,1,10,Fûinjutsu: Genryû kyû fûjin,19,4,2007,7.4,https://www.imdb.com//title/tt1202302
11,1,11,Iryô ninja no deshi,26,4,2007,7.6,https://www.imdb.com//title/tt1202307
12,1,12,Inkyo babâ no ketsui,3,5,2007,7.8,https://www.imdb.com//title/tt1202305
13,1,13,In'nen a ima mieru,10,5,2007,8.0,https://www.imdb.com//title/tt1202306
14,1,14,Naruto no seichô,17,5,2007,8.3,https://www.imdb.com//title/tt1202311
15,1,15,Kakushi dama nazukete...!,24,5,2007,8.3,https://www.imdb.com//title/tt1202310
16,1,16,Jinchûriki no himitsu,31,5,2007,7.5,https://www.imdb.com//title/tt1202308
17,1,17,Gaara shisu,7,6,2007,7.6,https://www.imdb.com//title/tt1202303
18,1,18,Totsunyû! Botan fukku entorî,21,6,2007,7.5,https://www.imdb.com//title/tt1202314
19,1,19,Torappu sadô! Gai han no teki,5,7,2007,7.6,https://www.imdb.com//title/tt1202313
20,1,20,Hiruko VS futari no kunoichi,19,7,2007,7.9,https://www.imdb.com//title/tt1202304
21,1,21,Sasori no sugao,26,7,2007,7.9,https://www.imdb.com//title/tt1202312
22,1,22,Chiyo no oku no te,2,8,2007,7.7,https://www.imdb.com//title/tt1202300
23,1,23,'Chichi' to 'Haha',2,8,2007,7.7,https://www.imdb.com//title/tt1202299
24,1,24,Sandaime Kazekage,9,8,2007,7.9,https://www.imdb.com//title/tt1214533
25,1,25,Sei to shi no san bun kan,16,8,2007,7.7,https://www.imdb.com//title/tt1214534
26,1,26,Jû-ki VS Hyaku-ki,23,8,2007,8.8,https://www.imdb.com//title/tt1214528
27,1,27,Kanawanu yume,30,8,2007,8.5,https://www.imdb.com//title/tt1214530
28,1,28,Yomigaeru kemono-tachi,13,9,2007,6.9,https://www.imdb.com//title/tt1214537
29,1,29,Kakashi kaigan!,27,9,2007,8.0,https://www.imdb.com//title/tt1214529
30,1,30,Shunkan no bigaku,27,9,2007,8.3,https://www.imdb.com//title/tt1214535
31,1,31,Tsuga re yuku mono,18,10,2007,8.7,https://www.imdb.com//title/tt1214536
32,1,32,Kazekage no kikan,25,10,2007,7.7,https://www.imdb.com//title/tt1214531
33,2,1,Aratanaru tâgetto,8,11,2007,7.5,https://www.imdb.com//title/tt1215341
34,2,2,Kessei! Shin Kakashi han,15,11,2007,7.1,https://www.imdb.com//title/tt1214532
35,2,3,Gadatensoku,22,11,2007,7.1,https://www.imdb.com//title/tt1214527
36,2,4,Itsuwari no egao,29,11,2007,7.0,https://www.imdb.com//title/tt1196031
37,2,5,Mudai,29,11,2007,7.0,https://www.imdb.com//title/tt1196032
38,2,6,Shimyurêshon,6,12,2007,6.9,https://www.imdb.com//title/tt1206226
39,2,7,Tenchikyô,13,12,2007,7.7,https://www.imdb.com//title/tt1206228
40,2,8,Kyûbi kaihô!!,20,12,2007,7.6,https://www.imdb.com//title/tt1206221
41,2,9,Gokuhi ninmu sutâto,20,12,2007,7.9,https://www.imdb.com//title/tt1206220
42,2,10,Orochimaru vs Jinchûriki,10,1,2008,8.4,https://www.imdb.com//title/tt1206223
43,2,11,Sakura no namida,17,1,2008,7.8,https://www.imdb.com//title/tt1206224
44,2,12,Tatakai no tenmatsu,24,1,2008,7.3,https://www.imdb.com//title/tt1206227
45,2,13,Uragiri no hate,31,1,2008,7.1,https://www.imdb.com//title/tt1206229
46,2,14,Mikan no pêji,7,2,2008,7.2,https://www.imdb.com//title/tt1206222
47,2,15,Sennyû! Dokuhebi no ajito,14,2,2008,7.3,https://www.imdb.com//title/tt1206225
48,2,16,Tsunagari,28,2,2008,7.1,https://www.imdb.com//title/tt1194354
49,2,17,Taisetsu na mono,6,3,2008,7.3,https://www.imdb.com//title/tt1194353
50,2,18,Ehon ga kataru sutôrî,13,3,2008,7.2,https://www.imdb.com//title/tt1202301
51,2,19,Saikai,20,3,2008,7.4,https://www.imdb.com//title/tt1206631
52,2,20,Uchiha no chikara,20,3,2008,7.9,https://www.imdb.com//title/tt1206632
53,2,21,Taitoru,3,4,2008,7.4,https://www.imdb.com//title/tt1215342
54,3,1,Akumu,3,4,2008,7.3,https://www.imdb.com//title/tt1214526
55,3,2,Kaze,17,4,2008,7.8,https://www.imdb.com//title/tt1722523
56,3,3,Ugomeku,24,4,2008,7.4,https://www.imdb.com//title/tt1722531
57,3,4,Ubawareta nemuri,8,5,2008,6.6,https://www.imdb.com//title/tt1722530
58,3,5,Kodoku,8,5,2008,6.3,https://www.imdb.com//title/tt1722524
59,3,6,Aratana teki,15,5,2008,6.3,https://www.imdb.com//title/tt1722536
60,3,7,Uitenpen,22,5,2008,6.6,https://www.imdb.com//title/tt1722532
61,3,8,Sesshoku,29,5,2008,6.6,https://www.imdb.com//title/tt1722527
62,3,9,Chîmumeito,5,6,2008,6.4,https://www.imdb.com//title/tt1722521
63,3,10,Futatsu no gyoku,19,6,2008,6.4,https://www.imdb.com//title/tt1722522
64,3,11,Shikkoku no noroshi,3,7,2008,6.5,https://www.imdb.com//title/tt1722528
65,3,12,Ankoku no sejô,3,7,2008,6.8,https://www.imdb.com//title/tt1722520
66,3,13,Yomigaeru tamashi,10,7,2008,6.6,https://www.imdb.com//title/tt1722533
67,3,14,Sorezore no shitô,24,7,2008,6.6,https://www.imdb.com//title/tt1722529
68,3,15,Mezame no toki,31,7,2008,6.7,https://www.imdb.com//title/tt1722526
69,3,16,Zetsubô,31,7,2008,6.5,https://www.imdb.com//title/tt1722534
70,3,17,Kyômei,7,8,2008,6.5,https://www.imdb.com//title/tt1722525
71,3,18,Tomo yo,14,8,2008,6.5,https://www.imdb.com//title/tt1469092
72,4,1,Shinobi yoru kyôi,21,8,2008,7.2,https://www.imdb.com//title/tt1289146
73,4,2,"""Akatuski"" shinkô",28,8,2008,7.6,https://www.imdb.com//title/tt1289145
74,4,3,Hoshizora no shita de,4,9,2008,7.3,https://www.imdb.com//title/tt1289147
75,4,4,Rôsô no inori,11,9,2008,7.1,https://www.imdb.com//title/tt1469088
76,4,5,Tsuginaru suteppu,25,9,2008,7.5,https://www.imdb.com//title/tt1469093
77,4,6,Bôgin,25,9,2008,8.2,https://www.imdb.com//title/tt1469079
78,4,7,Kudasareta sabaki,2,10,2008,8.6,https://www.imdb.com//title/tt1469086
79,4,8,Todokanu zekkyô,2,10,2008,8.7,https://www.imdb.com//title/tt1469091
80,4,9,Saigo no kotoba,16,10,2008,8.9,https://www.imdb.com//title/tt1469089
81,4,10,Kanashiki shirase,23,10,2008,8.0,https://www.imdb.com//title/tt1312698
82,4,11,Daijûppan,30,10,2008,8.7,https://www.imdb.com//title/tt1316799
83,4,12,Tâgetto rokkuon,6,11,2008,8.2,https://www.imdb.com//title/tt1319956
84,4,13,Kakuzu no nôryoku,13,11,2008,8.6,https://www.imdb.com//title/tt1323350
85,4,14,Osorubeki himitsu,20,11,2008,8.7,https://www.imdb.com//title/tt1327478
86,4,15,Shikamaru no sai,4,12,2008,9.0,https://www.imdb.com//title/tt1334497
87,4,16,Hito o norowaba ana futatsu,4,12,2008,9.1,https://www.imdb.com//title/tt1334498
88,4,17,Fûton: Rasen shuriken!,11,12,2008,8.9,https://www.imdb.com//title/tt1338428
89,5,1,Chikara no daishô,18,12,2008,7.5,https://www.imdb.com//title/tt1341586
90,5,2,Shinobi no ketsui,25,12,2008,6.7,https://www.imdb.com//title/tt1345178
91,5,3,Hakken Orochimaru no ajito,8,1,2009,6.7,https://www.imdb.com//title/tt1352547
92,5,4,Deai,15,1,2009,6.5,https://www.imdb.com//title/tt1371331
93,5,5,Kayoiau kokoro,22,1,2009,6.2,https://www.imdb.com//title/tt1469616
94,5,6,Ame hito yo,29,1,2009,6.2,https://www.imdb.com//title/tt1469617
95,5,7,Futatsu no omamori,5,2,2009,6.2,https://www.imdb.com//title/tt1469618
96,5,8,Miezaru teki,12,2,2009,6.4,https://www.imdb.com//title/tt1469619
97,5,9,Ran hansha no meikyû,19,2,2009,6.7,https://www.imdb.com//title/tt1469620
98,5,10,Arawareta hyôteki,26,2,2009,6.7,https://www.imdb.com//title/tt1469621
99,5,11,Arekurû Bijû,5,3,2009,6.7,https://www.imdb.com//title/tt1469622
100,5,12,Kiri no naka de,12,3,2009,6.4,https://www.imdb.com//title/tt1469614
101,5,13,Sorezore no omoi,26,3,2009,6.3,https://www.imdb.com//title/tt1469615
102,5,14,Saihensei,26,3,2009,6.3,https://www.imdb.com//title/tt1410786
103,5,15,Kekkai shihô fûjin,9,4,2009,6.6,https://www.imdb.com//title/tt1411467
104,5,16,Shôton kuzushi,9,4,2009,6.8,https://www.imdb.com//title/tt1411468
105,5,17,Kekkai kôbô-sen,16,4,2009,6.4,https://www.imdb.com//title/tt1522007
106,5,18,Akai tsubaki,23,4,2009,6.5,https://www.imdb.com//title/tt1522002
107,5,19,Goetsu dôshû,30,4,2009,6.4,https://www.imdb.com//title/tt1522004
108,5,20,Tsubaki no michishirube,7,5,2009,6.3,https://www.imdb.com//title/tt1522010
109,5,21,Juin no gyakushû,14,5,2009,6.3,https://www.imdb.com//title/tt1522005
110,5,22,Tsumi no kioku,21,5,2009,6.5,https://www.imdb.com//title/tt1522011
111,5,23,Kudakareta yakusoku,28,5,2009,6.6,https://www.imdb.com//title/tt1522008
112,5,24,Kaerubeki basho,4,6,2009,6.7,https://www.imdb.com//title/tt1522006
113,6,1,Daija no dôkô,11,6,2009,7.7,https://www.imdb.com//title/tt1522003
114,6,2,Taka no hitomi,18,6,2009,8.2,https://www.imdb.com//title/tt1522009
115,6,3,Zabuza no daitô,25,6,2009,7.3,https://www.imdb.com//title/tt1522012
116,6,4,Teppeki no ban'nin,2,7,2009,7.1,https://www.imdb.com//title/tt1880668
117,6,5,Kita ajito no Jûgo,9,7,2009,7.2,https://www.imdb.com//title/tt1833176
118,6,6,Kessei!,23,7,2009,7.1,https://www.imdb.com//title/tt1926703
119,6,7,Kakashi gaiden ~ Senjô no bôizu raifu ~ Zenpen,30,7,2009,8.8,https://www.imdb.com//title/tt1928792
120,6,8,Kakashi gaiden ~ Senjô no bôizu raifu ~ Kôhen,30,7,2009,9.3,https://www.imdb.com//title/tt1927676
121,6,9,Ugokidasu monotachi,6,8,2009,7.6,https://www.imdb.com//title/tt2203167
122,6,10,Tansaku,13,8,2009,7.6,https://www.imdb.com//title/tt2203173
123,6,11,Gekitotsu!,20,8,2009,8.5,https://www.imdb.com//title/tt2203169
124,6,12,Geijutsu,27,8,2009,8.6,https://www.imdb.com//title/tt2203165
125,6,13,Shôshitsu,3,9,2009,8.1,https://www.imdb.com//title/tt2203171
126,6,14,Tasogare,10,9,2009,8.3,https://www.imdb.com//title/tt2203175
127,6,15,Dokonjô ninden ~ Jiraiya ninpôchô ~ Zenpen,24,9,2009,8.1,https://www.imdb.com//title/tt2206681
128,6,16,Dokonjô ninden ~ Jiraiya ninpôchô ~ Kôhen,24,9,2009,8.6,https://www.imdb.com//title/tt2206683
129,6,17,Sen'nyû! Amegakure no sato,8,10,2009,8.0,https://www.imdb.com//title/tt2206685
130,6,18,Kami to natta otoko,8,10,2009,8.6,https://www.imdb.com//title/tt2206687
131,6,19,Hatsudô! Sen'nin modô,15,10,2009,8.9,https://www.imdb.com//title/tt2206689
132,6,20,Pein rokudô kenzan,22,10,2009,9.2,https://www.imdb.com//title/tt2206691
133,6,21,The Tale of Jiraiya the Gallant,29,10,2009,9.5,https://www.imdb.com//title/tt1989158
134,6,22,Utage e no sasoi,5,11,2009,8.2,https://www.imdb.com//title/tt1989157
135,6,23,Nagaki toki no naka de...,19,11,2009,8.3,https://www.imdb.com//title/tt1987257
136,6,24,Mangekyô Sharingan no hikari to yami,19,11,2009,9.1,https://www.imdb.com//title/tt1989159
137,6,25,Amaterasu,26,11,2009,9.2,https://www.imdb.com//title/tt2206693
138,6,26,Shûen,3,12,2009,9.6,https://www.imdb.com//title/tt2206695
139,6,27,Tobi no nazo,10,12,2009,8.6,https://www.imdb.com//title/tt1989160
140,6,28,In'nen,17,12,2009,9.1,https://www.imdb.com//title/tt2206697
141,6,29,Shinjitsu,24,12,2009,9.4,https://www.imdb.com//title/tt2003727
142,6,30,Unraikyô no tatakai,7,1,2010,7.8,https://www.imdb.com//title/tt2261438
143,6,31,"""Hachibi"" tai ""Sasuke""",14,1,2010,8.6,https://www.imdb.com//title/tt2261480
144,7,1,Fûraibô,21,1,2010,6.1,https://www.imdb.com//title/tt1747325
145,7,2,Kinjutsu no keishôsha,28,1,2010,6.0,https://www.imdb.com//title/tt2261530
146,7,3,Keishôsha no omoi,4,2,2010,6.2,https://www.imdb.com//title/tt2261540
147,7,4,Nukenin no kako,11,2,2010,6.2,https://www.imdb.com//title/tt2261554
148,7,5,Yami no kôkeisha,18,2,2010,6.0,https://www.imdb.com//title/tt2261572
149,7,6,Betsuri,25,2,2010,6.2,https://www.imdb.com//title/tt2261628
150,7,7,Kinjutsu hatsudô,4,3,2010,6.3,https://www.imdb.com//title/tt2261636
151,7,8,Shitei,11,3,2010,6.4,https://www.imdb.com//title/tt2261642
152,8,1,Hihô,25,3,2010,8.1,https://www.imdb.com//title/tt2261658
153,8,2,Shi no kage o ote,25,3,2010,8.5,https://www.imdb.com//title/tt2261682
154,8,3,Angô kaidoku,8,4,2010,7.8,https://www.imdb.com//title/tt2262128
155,8,4,Daiichi no kadai,8,4,2010,7.8,https://www.imdb.com//title/tt2262202
156,8,5,Shi o koeru toki,15,4,2010,7.6,https://www.imdb.com//title/tt2262218
157,8,6,Konoha shûgeki!,22,4,2010,8.1,https://www.imdb.com//title/tt1948383
158,8,7,Shinjiru chikara,29,4,2010,8.3,https://www.imdb.com//title/tt1991618
159,8,8,Pain vs. Kakashi,6,5,2010,9.3,https://www.imdb.com//title/tt1960666
160,8,9,Pain no nazo,13,5,2010,8.3,https://www.imdb.com//title/tt1994206
161,8,10,Sei wa Sarutobi na wa Konohamaru!,20,5,2010,8.4,https://www.imdb.com//title/tt1955996
162,8,11,Sekai ni itami o,27,5,2010,9.3,https://www.imdb.com//title/tt1994949
163,8,12,Bakuhatsu! Sen'nin modô,3,6,2010,9.3,https://www.imdb.com//title/tt1994948
164,8,13,Pinchi! Kieta sen'nin môdo,10,6,2010,9.4,https://www.imdb.com//title/tt2402492
165,8,14,Kyûbi hokaku kanryô,17,6,2010,9.3,https://www.imdb.com//title/tt2402496
166,8,15,Kokuhaku,24,6,2010,9.5,https://www.imdb.com//title/tt2402498
167,8,16,Chibaku Tensei,1,7,2010,9.5,https://www.imdb.com//title/tt2404462
168,8,17,Yondaime Hokage,15,7,2010,9.5,https://www.imdb.com//title/tt2404464
169,8,18,Futari no deshi,22,7,2010,8.6,https://www.imdb.com//title/tt2404468
170,8,19,Daibôken! Yondaime no isan o sagase - Zenpen,29,7,2010,5.8,https://www.imdb.com//title/tt2406640
171,8,20,Daibôken! Yondaime no isan o sagase - Kôhen,29,7,2010,5.8,https://www.imdb.com//title/tt2406642
172,8,21,Deai,5,8,2010,8.0,https://www.imdb.com//title/tt2414128
173,8,22,Pein tanjô,12,8,2010,8.6,https://www.imdb.com//title/tt2414132
174,8,23,Uzumaki Naruto monogatari,19,8,2010,8.7,https://www.imdb.com//title/tt2414138
175,8,24,Konoha no eiyû,26,8,2010,9.4,https://www.imdb.com//title/tt1952837
176,9,1,Kako-hen ~Konoha no kiseki~ Shinmai kyôshi Iruka,2,9,2010,6.7,https://www.imdb.com//title/tt2402524
177,9,2,Kako-hen ~Konoha no kiseki~ Iruka no shiren,9,9,2010,6.6,https://www.imdb.com//title/tt2404500
178,9,3,Kako-hen ~Konoha no kiseki~ Iruka no ketsui,16,9,2010,6.7,https://www.imdb.com//title/tt2404726
179,9,4,Kako-hen ~Konoha no kiseki~ Tantô Jônin Hatake Kakashi,30,9,2010,6.4,https://www.imdb.com//title/tt2406644
180,9,5,Kako-hen ~Konoha no kiseki~ Inari tamesureru yûki,7,10,2010,5.8,https://www.imdb.com//title/tt2406646
181,9,6,Kako-hen ~Konoha no kiseki~ Naruto adauchi shinanjuku,14,10,2010,5.6,https://www.imdb.com//title/tt2406648
182,9,7,"Gaara ""kizuna""",21,10,2010,6.3,https://www.imdb.com//title/tt2406650
183,9,8,Naruto: Autobureiko,28,10,2010,5.6,https://www.imdb.com//title/tt2414142
184,9,9,Shutsugeki! Tenten-han,4,11,2010,5.7,https://www.imdb.com//title/tt2414144
185,9,10,Animaru bangaichi,11,11,2010,4.9,https://www.imdb.com//title/tt2414146
186,9,11,Aa seishun no kanpôgan,18,11,2010,5.6,https://www.imdb.com//title/tt2414150
187,9,12,Dokonjô shitei shûgyô-hen,25,11,2010,5.7,https://www.imdb.com//title/tt2431724
188,9,13,Dokonjô shitei ninpû-roku,25,11,2010,5.8,https://www.imdb.com//title/tt2431726
189,9,14,Sasuke no nikukyû taizen,2,12,2010,5.4,https://www.imdb.com//title/tt2431730
190,9,15,Naruto to rôhei,9,12,2010,6.0,https://www.imdb.com//title/tt2431732
191,9,16,Kakashi koi-uta,16,12,2010,6.2,https://www.imdb.com//title/tt2431734
192,9,17,Neji gaiden,23,12,2010,5.8,https://www.imdb.com//title/tt2431736
193,9,18,Nida shinda otoko,6,1,2011,5.9,https://www.imdb.com//title/tt2431744
194,9,19,Saiaku no nininsankyaku,13,1,2011,5.9,https://www.imdb.com//title/tt2472426
195,9,20,Renkei daijûppan,20,1,2011,5.6,https://www.imdb.com//title/tt2472430
196,9,21,Yami e no shissô,27,1,2011,5.6,https://www.imdb.com//title/tt1987255
197,10,1,Rokudaime Hokage Danzô,10,2,2011,7.4,https://www.imdb.com//title/tt1987942
198,10,2,Gokage kaidan zen'ya,10,2,2011,7.4,https://www.imdb.com//title/tt2506074
199,10,3,Gokage tojô!,17,2,2011,7.4,https://www.imdb.com//title/tt1952838
200,10,4,Naruto no tangan,24,2,2011,7.6,https://www.imdb.com//title/tt2631176
201,10,5,Kujû no ketsudan,3,3,2011,8.0,https://www.imdb.com//title/tt2618688
202,10,6,Hashiru ikazuchi,10,3,2011,8.2,https://www.imdb.com//title/tt2005893
203,10,7,Sasuke no nindô,17,3,2011,8.4,https://www.imdb.com//title/tt2623068
204,10,8,Gokage no chikara,24,3,2011,8.4,https://www.imdb.com//title/tt2623070
205,10,9,Sensen fukoku,31,3,2011,8.3,https://www.imdb.com//title/tt1987258
206,10,10,Sakura no omoi,7,4,2011,7.3,https://www.imdb.com//title/tt2621132
207,10,11,Bijû VS o no nai Bijû,14,4,2011,8.2,https://www.imdb.com//title/tt1987256
208,10,12,Tomo to shite,21,4,2011,7.7,https://www.imdb.com//title/tt2035154
209,10,13,Danzô no migiude,28,4,2011,8.6,https://www.imdb.com//title/tt2631188
210,10,14,Kinjirareta dôjutsu,5,5,2011,8.5,https://www.imdb.com//title/tt1973556
211,10,15,Shimura Danzô,12,5,2011,8.8,https://www.imdb.com//title/tt1987254
212,10,16,Sakura no kakugo,19,5,2011,6.7,https://www.imdb.com//title/tt2632452
213,10,17,Ushinawareta kizuna,26,5,2011,6.2,https://www.imdb.com//title/tt2631190
214,10,18,Seoubeki omoni,2,6,2011,7.1,https://www.imdb.com//title/tt2631200
215,10,19,Shukumei no futari,9,6,2011,7.3,https://www.imdb.com//title/tt2631206
216,10,20,Ichiryû no shinobi,16,6,2011,7.5,https://www.imdb.com//title/tt1976214
217,10,21,Sen'nyûsha,23,6,2011,7.4,https://www.imdb.com//title/tt1981394
218,10,22,Ugokidasu taikoku,30,6,2011,7.1,https://www.imdb.com//title/tt2021651
219,10,23,Hokage Hatake Kakashi,7,7,2011,7.9,https://www.imdb.com//title/tt2621128
220,10,24,Ôgama sen'nin no yogen,21,7,2011,7.2,https://www.imdb.com//title/tt1998791
221,10,25,Kurairi,28,7,2011,7.8,https://www.imdb.com//title/tt2007735
222,11,1,Gokage no ketsudan,28,7,2011,7.1,https://www.imdb.com//title/tt2384359
223,11,2,Seinen to umi,4,8,2011,5.6,https://www.imdb.com//title/tt2506076
224,11,3,Benisu no shônin,11,8,2011,5.4,https://www.imdb.com//title/tt2506084
225,11,4,Norowareta no yûreisen,18,8,2011,5.2,https://www.imdb.com//title/tt2506086
226,11,5,Senkan no shima,25,8,2011,4.9,https://www.imdb.com//title/tt2506088
227,11,6,Bôkyaku no shima,1,9,2011,5.3,https://www.imdb.com//title/tt2506094
228,11,7,Tatakae Rokku Rî!,8,9,2011,5.2,https://www.imdb.com//title/tt2610470
229,11,8,Kuu ka kuwaweru ka! Odoru kinoko jigoku,22,9,2011,5.0,https://www.imdb.com//title/tt2610474
230,11,9,Kage no gyakushû,29,9,2011,5.4,https://www.imdb.com//title/tt2614050
231,11,10,Tozasareta kôro,6,10,2011,5.2,https://www.imdb.com//title/tt2614054
232,11,11,Konoha no joshikai,13,10,2011,6.3,https://www.imdb.com//title/tt2616646
233,11,12,Sanjô nise? Naruto,20,10,2011,5.3,https://www.imdb.com//title/tt2616652
234,11,13,Naruto no manadeshi,27,10,2011,6.1,https://www.imdb.com//title/tt2618134
235,11,14,Nadeshiko no Kunoichi,3,11,2011,5.6,https://www.imdb.com//title/tt2618136
236,11,15,Nakama no senaka,10,11,2011,5.6,https://www.imdb.com//title/tt2621120
237,11,16,Aa Akogare no Tsunade-Sama,24,11,2011,5.9,https://www.imdb.com//title/tt2621124
238,11,17,Sai no kyûsoku,1,12,2011,5.7,https://www.imdb.com//title/tt2623020
239,11,18,Densetsu no Ino-Shika-Chô,8,12,2011,5.8,https://www.imdb.com//title/tt2623040
240,11,19,Kiba no ketsui,15,12,2011,5.6,https://www.imdb.com//title/tt2623900
241,11,20,Kakashi waga eien no raibaru yo,22,12,2011,6.6,https://www.imdb.com//title/tt2623912
242,11,21,Naruto no chikai,28,12,2011,6.1,https://www.imdb.com//title/tt2623920
243,12,1,Jôriku! Rakuen no shima?,5,1,2012,7.0,https://www.imdb.com//title/tt2195249
244,12,2,Kirâ Bî to Motoi,12,1,2012,7.0,https://www.imdb.com//title/tt2192481
245,12,3,Saranaru shiren! Naruto VS Kyûbi!!,19,1,2012,8.2,https://www.imdb.com//title/tt2192483
246,12,4,Orenji-iro no kagayaki,26,1,2012,8.9,https://www.imdb.com//title/tt2204877
247,12,5,Nerawareta Kyûbi,2,2,2012,9.0,https://www.imdb.com//title/tt2213011
248,12,6,Yondaime no shitô!!,9,2,2012,9.5,https://www.imdb.com//title/tt2232733
249,12,7,Arigatô,9,2,2012,9.5,https://www.imdb.com//title/tt2232731
250,12,8,Chinjû VS Kaijin! Rakuen no tatakai!,16,2,2012,7.9,https://www.imdb.com//title/tt2247725
251,12,9,Kisame to iu otoko,23,2,2012,8.4,https://www.imdb.com//title/tt2263757
252,12,10,Shi e izanu tenshi,1,3,2012,8.1,https://www.imdb.com//title/tt2280093
253,12,11,Heiwa e no kakehashi,8,3,2012,8.7,https://www.imdb.com//title/tt2295829
254,12,12,Do S-kyû gokuhi ninmu,15,3,2012,6.6,https://www.imdb.com//title/tt2307739
255,12,13,Geijutsuka futatabi,22,3,2012,7.4,https://www.imdb.com//title/tt2320711
256,12,14,Shûketsu! Shinobi rengô-gun!,29,3,2012,8.3,https://www.imdb.com//title/tt2332171
257,12,15,Deai,5,4,2012,5.8,https://www.imdb.com//title/tt2344841
258,12,16,Raibaru,12,4,2012,5.5,https://www.imdb.com//title/tt2358137
259,12,17,Kiretsu,19,4,2012,5.4,https://www.imdb.com//title/tt2367649
260,12,18,Ribetsu,26,4,2012,5.7,https://www.imdb.com//title/tt2380753
261,12,19,Tomo no tame ni,3,5,2012,7.7,https://www.imdb.com//title/tt2396027
262,12,20,Kaisen!,10,5,2012,8.0,https://www.imdb.com//title/tt2397197
263,12,21,Sai to Shin,17,5,2012,7.9,https://www.imdb.com//title/tt2402415
264,12,22,Edo Tensei no himitsu,24,5,2012,7.6,https://www.imdb.com//title/tt2168710
265,12,23,Shukuteki to no saikai,31,5,2012,7.7,https://www.imdb.com//title/tt2181764
266,12,24,Saisho no teki saigo no teki,7,6,2012,8.0,https://www.imdb.com//title/tt2199408
267,12,25,Konoha no tensai gunshi,21,6,2012,7.5,https://www.imdb.com//title/tt2222856
268,12,26,Sorezore no gekisen!!,28,6,2012,7.5,https://www.imdb.com//title/tt2236652
269,12,27,NG wâdo,5,7,2012,7.7,https://www.imdb.com//title/tt2249832
270,12,28,Konjiki no kizuna,19,7,2012,7.8,https://www.imdb.com//title/tt2280968
271,12,29,ROAD to SAKURA,26,7,2012,5.6,https://www.imdb.com//title/tt2298900
272,12,30,Mifune VS Hanzô,2,8,2012,7.7,https://www.imdb.com//title/tt2308040
273,12,31,Hontô no yasashisa,9,8,2012,7.2,https://www.imdb.com//title/tt2327348
274,12,32,Kanpeki na Ino-Shika-Chô,9,8,2012,7.5,https://www.imdb.com//title/tt2327352
275,12,33,Kokoro no naka no tegami,16,8,2012,8.0,https://www.imdb.com//title/tt2320554
276,13,1,Gedô mazô no shûrai,23,8,2012,7.8,https://www.imdb.com//title/tt2320562
277,13,2,Wakai no In,30,8,2012,7.2,https://www.imdb.com//title/tt2320572
278,13,3,Nerawareta iryô ninja,6,9,2012,7.2,https://www.imdb.com//title/tt2380258
279,13,4,Shiro Zetsu no torappu,13,9,2012,6.9,https://www.imdb.com//title/tt2391994
280,13,5,Geijutsu ka no bigaku,20,9,2012,6.6,https://www.imdb.com//title/tt2405166
281,13,6,Kâ-chan rengô-gun!!,27,9,2012,5.1,https://www.imdb.com//title/tt2419166
282,13,7,Hiwa: Saikyô taggu!!,4,10,2012,7.7,https://www.imdb.com//title/tt2434624
283,13,8,Futatsu no taiyô!!,11,10,2012,8.1,https://www.imdb.com//title/tt2450806
284,13,9,Kabuto wari! Akebino jinin,18,10,2012,7.1,https://www.imdb.com//title/tt2464090
285,13,10,Shakuton tsukai! Sunagakure no Pakura,25,10,2012,6.6,https://www.imdb.com//title/tt2478696
286,13,11,Torimodosenai mono,1,11,2012,6.3,https://www.imdb.com//title/tt2492408
287,13,12,Kakeru ni ataisuru mono,1,11,2012,6.2,https://www.imdb.com//title/tt2492428
288,13,13,Kyôi Jinpachi - Kushimaru konbi!!,8,11,2012,6.5,https://www.imdb.com//title/tt2504984
289,13,14,Raiken!! Ringo Ameyuri,15,11,2012,6.6,https://www.imdb.com//title/tt2519474
290,13,15,"""Chikara"" Episode 1",22,11,2012,6.3,https://www.imdb.com//title/tt2529134
291,13,16,"""Chikara"" Episode 2",29,11,2012,6.1,https://www.imdb.com//title/tt2544364
292,13,17,"""Chikara"" Episode 3",6,12,2012,6.6,https://www.imdb.com//title/tt2558486
293,13,18,"""Chikara"" Episode 4",13,12,2012,6.3,https://www.imdb.com//title/tt2572062
294,13,19,"""Chikara"" Episode 5",20,12,2012,6.5,https://www.imdb.com//title/tt2583538
295,13,20,"""Chikara"" Episode Final",10,1,2013,6.9,https://www.imdb.com//title/tt2623566
296,14,1,Naruto sansen!!,17,1,2013,7.6,https://www.imdb.com//title/tt2636572
297,14,2,Chichi no omoi haha no ai,24,1,2013,8.3,https://www.imdb.com//title/tt2650936
298,14,3,Tsuini sesshoku!! Naruto VS Itachi,31,1,2013,8.9,https://www.imdb.com//title/tt2667722
299,14,4,Mitomi rareshi mono,7,2,2013,8.7,https://www.imdb.com//title/tt2691048
300,14,5,Mizukage to Ôhamaguri to Shinkirô,14,2,2013,7.9,https://www.imdb.com//title/tt2708650
301,14,6,Mujun,21,2,2013,8.2,https://www.imdb.com//title/tt2723184
302,14,7,Kyôfu joukibôi,28,2,2013,7.7,https://www.imdb.com//title/tt2738288
303,14,8,Kako no bôrei,7,3,2013,6.6,https://www.imdb.com//title/tt2756734
304,14,9,Yomi Tenshin no jutsu,14,3,2013,6.3,https://www.imdb.com//title/tt2772114
305,14,10,Fukushûsha,21,3,2013,6.5,https://www.imdb.com//title/tt2788272
306,14,11,Kokoro no me,28,3,2013,6.1,https://www.imdb.com//title/tt2805244
307,14,12,Gekkô ni keyu,4,4,2013,6.2,https://www.imdb.com//title/tt2819514
308,14,13,Mikazuki no yoru,11,4,2013,6.2,https://www.imdb.com//title/tt2912816
309,14,14,A-kûy ninmu: Gozen-jiai,18,4,2013,5.4,https://www.imdb.com//title/tt2912818
310,14,15,Rakujô,25,4,2013,5.6,https://www.imdb.com//title/tt2912820
311,14,16,Prologue of Road to Ninja,2,5,2013,7.3,https://www.imdb.com//title/tt2912822
312,14,17,Rôjin to ryû no me,9,5,2013,5.4,https://www.imdb.com//title/tt2912826
313,14,18,Ame nochi yuki tokidoki kaminari,16,5,2013,4.7,https://www.imdb.com//title/tt2912832
314,14,19,Kanashî tenki ame,23,5,2013,5.0,https://www.imdb.com//title/tt2912830
315,14,20,Nagori yuki,30,5,2013,5.5,https://www.imdb.com//title/tt2912838
316,14,21,Edo Tensei rengô-gun!!,6,6,2013,6.0,https://www.imdb.com//title/tt2912836
317,14,22,Shino VS Torune!!,13,6,2013,6.4,https://www.imdb.com//title/tt2947570
318,14,23,Kokoro no ana môhitori no Jinchûriki,20,6,2013,6.1,https://www.imdb.com//title/tt2947574
319,14,24,Kugutsu ni yadoru tamashî,27,6,2013,6.5,https://www.imdb.com//title/tt2947576
320,14,25,Hashire Omoi,4,7,2013,6.2,https://www.imdb.com//title/tt3027404
321,15,1,Zôen tôchaku,18,7,2013,8.0,https://www.imdb.com//title/tt3027408
322,15,2,Uchiha Madara,25,7,2013,9.4,https://www.imdb.com//title/tt3027414
323,15,3,Gokage shûketsu...!!,1,8,2013,8.9,https://www.imdb.com//title/tt3027416
324,15,4,Warenai Kamen: Wareta Shabondama,8,8,2013,7.7,https://www.imdb.com//title/tt3096224
325,15,5,Jinchûriki VS Jinchûriki!!,15,8,2013,8.1,https://www.imdb.com//title/tt3096228
326,15,6,Yonbi: Sen'nen no Ô,22,8,2013,8.2,https://www.imdb.com//title/tt3096230
327,15,7,Kyûbi,29,8,2013,7.2,https://www.imdb.com//title/tt3111576
328,15,8,Kurama,29,8,2013,7.8,https://www.imdb.com//title/tt3111578
329,15,9,Tsû man seru,5,9,2013,9.2,https://www.imdb.com//title/tt3111582
330,15,10,Shôri e no yogen,12,9,2013,7.6,https://www.imdb.com//title/tt3150798
331,15,11,Yami o miru me,19,9,2013,6.8,https://www.imdb.com//title/tt3150804
332,15,12,Ishi no ishi,26,9,2013,8.1,https://www.imdb.com//title/tt3150812
333,15,13,Edo Tensei no risuku,3,10,2013,8.4,https://www.imdb.com//title/tt3029816
334,15,14,Kyôdai taggu!!,10,10,2013,8.3,https://www.imdb.com//title/tt3183546
335,15,15,Tagai no Konoha,24,10,2013,7.7,https://www.imdb.com//title/tt2871200
336,15,16,Yakushi Kabuto,31,10,2013,7.7,https://www.imdb.com//title/tt2871186
337,15,17,Hatzudô: Izanami,7,11,2013,8.3,https://www.imdb.com//title/tt2789414
338,15,18,Izanagi to Izanami,14,11,2013,8.3,https://www.imdb.com//title/tt3288954
339,15,19,Imao o zutto aishiteru,21,11,2013,9.5,https://www.imdb.com//title/tt3288964
340,15,20,Edo Tensei: Kai,28,11,2013,8.4,https://www.imdb.com//title/tt3288966
341,15,21,Fukkatsu!! Orochimaru,5,12,2013,8.0,https://www.imdb.com//title/tt3320780
342,15,22,Jikûkan ninjutsu no himitsu,12,12,2013,8.7,https://www.imdb.com//title/tt3349378
343,15,23,Temê wa dare da!!,19,12,2013,9.1,https://www.imdb.com//title/tt3349384
344,15,24,Obito to Madara,9,1,2014,8.7,https://www.imdb.com//title/tt3387838
345,15,25,Ore wa jigoku ni iru,16,1,2014,9.5,https://www.imdb.com//title/tt3413220
346,15,26,Yume no sekai,23,1,2014,8.2,https://www.imdb.com//title/tt3413642
347,15,27,Shinobiyoru kage,23,1,2014,7.5,https://www.imdb.com//title/tt3485134
348,15,28,"Shinsei: ""Akatsuki""",30,1,2014,8.0,https://www.imdb.com//title/tt3485138
349,16,1,Kokoro o kakusu men,6,2,2014,7.7,https://www.imdb.com//title/tt3485140
350,16,2,Minato no shi,13,2,2014,7.8,https://www.imdb.com//title/tt3518110
351,16,3,Hashirama saibô,20,2,2014,7.2,https://www.imdb.com//title/tt3518114
352,16,4,Nukenin: Orochimaru,27,2,2014,6.8,https://www.imdb.com//title/tt3524470
353,16,5,Orochimaru no jikkentai,6,3,2014,6.7,https://www.imdb.com//title/tt3565758
354,16,6,Sorezore no michi,6,3,2014,6.7,https://www.imdb.com//title/tt3576308
355,16,7,Nerawareta Sharingan,13,3,2014,7.1,https://www.imdb.com//title/tt3579408
356,16,8,Konoha no Shinobi,20,3,2014,7.2,https://www.imdb.com//title/tt3594108
357,16,9,ANBU no Uchiha,3,4,2014,7.6,https://www.imdb.com//title/tt3610780
358,16,10,Kûdetâ,10,4,2014,8.2,https://www.imdb.com//title/tt3618172
359,16,11,Sangeki no yoru,17,4,2014,8.0,https://www.imdb.com//title/tt3618174
360,16,12,Tantô Jônin,24,4,2014,7.5,https://www.imdb.com//title/tt3618178
361,16,13,Dai nana han,8,5,2014,7.9,https://www.imdb.com//title/tt3658668
362,17,1,Kakashi no ketsui,15,5,2014,8.7,https://www.imdb.com//title/tt3687098
363,17,2,Shinobi rengô-gun no jutsu!,22,5,2014,9.1,https://www.imdb.com//title/tt3719466
364,17,3,Tsunagareru mono,5,6,2014,9.5,https://www.imdb.com//title/tt3719468
365,17,4,Shinobimau mono-tachi,12,6,2014,9.2,https://www.imdb.com//title/tt3748840
366,17,5,Subete o shiru mono-tachi,19,6,2014,9.3,https://www.imdb.com//title/tt3790968
367,17,6,Hashirama to Madara,3,7,2014,8.7,https://www.imdb.com//title/tt3793056
368,17,7,Sengoku jidai,10,7,2014,9.0,https://www.imdb.com//title/tt3793052
369,17,8,Hontô no yume,24,7,2014,8.8,https://www.imdb.com//title/tt3855472
370,17,9,Sasuke no kotae,31,7,2014,8.9,https://www.imdb.com//title/tt3855474
371,17,10,Kazaana,7,8,2014,8.6,https://www.imdb.com//title/tt3855476
372,17,11,Umeru mono,14,8,2014,9.3,https://www.imdb.com//title/tt3891360
373,18,1,Dai nana han shûketsu!!,21,8,2014,8.7,https://www.imdb.com//title/tt3947148
374,18,2,Aratanaru sansukumi,28,8,2014,8.6,https://www.imdb.com//title/tt3947154
375,18,3,Kakashi VS Obito,4,9,2014,9.3,https://www.imdb.com//title/tt3947160
376,18,4,Kyûbi gôdatsu shirei,11,9,2014,4.0,https://www.imdb.com//title/tt4016046
377,18,5,Naruto tai Meka Naruto,11,9,2014,3.5,https://www.imdb.com//title/tt4022258
378,18,6,Jûbi no Jinchûriki,18,9,2014,8.6,https://www.imdb.com//title/tt4022260
379,18,7,Toppakô,25,9,2014,8.9,https://www.imdb.com//title/tt4022262
380,18,8,Naruto ga umareta hi,2,10,2014,8.8,https://www.imdb.com//title/tt4022266
381,18,9,Shinju,9,10,2014,8.8,https://www.imdb.com//title/tt4022276
382,18,10,Shinobi no yume,16,10,2014,8.7,https://www.imdb.com//title/tt4098616
383,18,11,Saki o ou,23,10,2014,8.5,https://www.imdb.com//title/tt4098724
384,18,12,Nakama de michita kokoro,30,10,2014,8.8,https://www.imdb.com//title/tt4098778
385,18,13,Uchiha Obito,6,11,2014,7.9,https://www.imdb.com//title/tt4105254
386,18,14,Chanto miteru,13,11,2014,7.8,https://www.imdb.com//title/tt4177582
387,18,15,Mamorareta yakusoku,20,11,2014,8.3,https://www.imdb.com//title/tt4180056
388,18,16,Saisho no tomo,27,11,2014,6.2,https://www.imdb.com//title/tt4180058
389,18,17,Akogare no Nê-Sama,4,12,2014,6.0,https://www.imdb.com//title/tt4235250
390,18,18,Hanabi no ketsui,4,12,2014,6.4,https://www.imdb.com//title/tt4236588
391,18,19,Uchiha Madara tatsu,11,12,2014,8.9,https://www.imdb.com//title/tt4254054
392,18,20,Ura no kokoro,18,12,2014,8.8,https://www.imdb.com//title/tt4265640
393,18,21,Hontô no owari,25,12,2014,9.1,https://www.imdb.com//title/tt4265644
394,19,1,Aratanaru Chûnin shiken,8,1,2015,6.2,https://www.imdb.com//title/tt4284614
395,19,2,Chûnin shiken kaishi!,15,1,2015,5.9,https://www.imdb.com//title/tt4319298
396,19,3,Mittsu no mondai,22,1,2015,6.4,https://www.imdb.com//title/tt4319302
397,19,4,Rîdâ ni fusawashî mono,29,1,2015,6.5,https://www.imdb.com//title/tt4319304
398,19,5,Niji shiken zen'ya,5,2,2015,6.2,https://www.imdb.com//title/tt4359246
399,19,6,Ma no sabaku no sabaibaru,12,2,2015,6.0,https://www.imdb.com//title/tt4388160
400,19,7,Taijutsu tsukai to shite...,19,2,2015,5.9,https://www.imdb.com//title/tt4453480
401,19,8,Kimaweshi mono,26,2,2015,6.7,https://www.imdb.com//title/tt4453484
402,19,9,Tôsô VS tsuiseki,5,3,2015,5.6,https://www.imdb.com//title/tt4453488
403,19,10,Akiramenai dokonjô,12,3,2015,5.6,https://www.imdb.com//title/tt4523316
404,19,11,Tenten no nayami,19,3,2015,5.5,https://www.imdb.com//title/tt4523326
405,19,12,Tokijomerareta futari,26,3,2015,5.6,https://www.imdb.com//title/tt4523328
406,19,13,Jibun no ibasho,2,4,2015,5.5,https://www.imdb.com//title/tt4523334
407,19,14,Yamanaka Ichizoku: Hiden Ninjutsu,9,4,2015,5.5,https://www.imdb.com//title/tt4523346
408,19,15,Noroi no ningyô,16,4,2015,5.8,https://www.imdb.com//title/tt4597986
409,19,16,Futari no senaka,23,4,2015,5.9,https://www.imdb.com//title/tt4597988
410,19,17,Ugokidashita inbô,30,4,2015,6.0,https://www.imdb.com//title/tt4597994
411,19,18,Nerawareta Bijû,7,5,2015,5.9,https://www.imdb.com//title/tt4597998
412,19,19,Neji no handan,14,5,2015,5.9,https://www.imdb.com//title/tt4692292
413,19,20,Mirai ni takusu omoi,21,5,2015,6.2,https://www.imdb.com//title/tt4692296
414,20,1,Shi no kiwa,28,5,2015,8.5,https://www.imdb.com//title/tt4692300
415,20,2,Futatsu no Mangekyô,4,6,2015,8.1,https://www.imdb.com//title/tt4692304
416,20,3,Kessei: Minato han,11,6,2015,6.8,https://www.imdb.com//title/tt4745386
417,20,4,Omae wa bakkuappuda,25,6,2015,8.0,https://www.imdb.com//title/tt4768000
418,20,5,Aoki Môjû VS Rikudô Madara,2,7,2015,8.3,https://www.imdb.com//title/tt4768004
419,20,6,Papa no seishun,9,7,2015,8.6,https://www.imdb.com//title/tt4768010
420,20,7,Hachimon tonkô no jin,23,7,2015,9.1,https://www.imdb.com//title/tt4836452
421,20,8,Rikudô Sen'nin,30,7,2015,9.6,https://www.imdb.com//title/tt4836454
422,20,9,Uketsugareru mono,6,8,2015,6.2,https://www.imdb.com//title/tt4845768
423,20,10,Naruto no raibaru,6,8,2015,6.6,https://www.imdb.com//title/tt4845774
424,20,11,Tatsu,13,8,2015,9.3,https://www.imdb.com//title/tt4899488
425,20,12,Mugen no yume,20,8,2015,9.0,https://www.imdb.com//title/tt4946894
426,20,13,Mugen Tsukuyomi,27,8,2015,8.3,https://www.imdb.com//title/tt4946900
427,20,14,Yume no sekai e,3,9,2015,5.6,https://www.imdb.com//title/tt4963140
428,20,15,Tenten no ibasho,3,9,2015,5.7,https://www.imdb.com//title/tt4963144
429,20,16,Kirâ Bî rappûden: Ten no maki,10,9,2015,5.0,https://www.imdb.com//title/tt4946906
430,20,17,Kirâ Bî rappûden: Chi no maki,17,9,2015,5.0,https://www.imdb.com//title/tt4995304
431,20,18,Ano egao o môichido,24,9,2015,5.9,https://www.imdb.com//title/tt4995242
432,20,19,Ochikobore ninja,1,10,2015,5.4,https://www.imdb.com//title/tt5000088
433,20,20,Shutsugeki: Tansaku ninmu,8,10,2015,5.3,https://www.imdb.com//title/tt4995324
434,20,21,Chîmuru Jiraiya,15,10,2015,4.7,https://www.imdb.com//title/tt4995260
435,20,22,Yûsen jun'i,22,10,2015,4.9,https://www.imdb.com//title/tt4995300
436,20,23,Kamen no otoko,5,11,2015,5.0,https://www.imdb.com//title/tt5014862
437,20,24,Fûin sareshi chikara,12,11,2015,5.0,https://www.imdb.com//title/tt5146172
438,20,25,Okite ka nakama ka,19,11,2015,5.2,https://www.imdb.com//title/tt5191356
439,20,26,Yogen no ko,26,11,2015,5.4,https://www.imdb.com//title/tt5191358
440,20,27,Kago no tori,3,12,2015,5.5,https://www.imdb.com//title/tt5191360
441,20,28,Kikan,10,12,2015,5.1,https://www.imdb.com//title/tt5191364
442,20,29,Tagai no michi,17,12,2015,5.7,https://www.imdb.com//title/tt5246452
443,20,30,Chikara no sa,24,12,2015,5.5,https://www.imdb.com//title/tt5261546
444,20,31,Sato nuke,14,1,2016,5.6,https://www.imdb.com//title/tt5276036
445,20,32,Otte,21,1,2016,5.2,https://www.imdb.com//title/tt5276046
446,20,33,Shôtotsu,28,1,2016,5.2,https://www.imdb.com//title/tt5305320
447,20,34,Môhitotsu no tsuki,4,2,2016,5.2,https://www.imdb.com//title/tt5341142
448,20,35,Nakama,11,2,2016,5.0,https://www.imdb.com//title/tt5370596
449,20,36,Shinobi-tachi no kyôen,18,2,2016,4.6,https://www.imdb.com//title/tt5455620
450,20,37,Raibaru,25,2,2016,5.7,https://www.imdb.com//title/tt5455628
451,20,38,Umareru inochi shinu inochi,3,3,2016,7.6,https://www.imdb.com//title/tt5455634
452,20,39,Isai,10,3,2016,7.8,https://www.imdb.com//title/tt5455636
453,20,40,Inochi no itami,17,3,2016,7.1,https://www.imdb.com//title/tt5542682
454,20,41,Shisui no irai,24,3,2016,7.9,https://www.imdb.com//title/tt5542684
455,20,42,Tsukiyo,7,4,2016,8.9,https://www.imdb.com//title/tt5542686
456,20,43,Akatsuki no yami,14,4,2016,8.0,https://www.imdb.com//title/tt5611626
457,20,44,Aibô,21,4,2016,8.1,https://www.imdb.com//title/tt5611628
458,20,45,Makoto,28,4,2016,8.4,https://www.imdb.com//title/tt5620766
459,21,1,Hajimari no mono,5,5,2016,8.4,https://www.imdb.com//title/tt5644804
460,21,2,Ôtsutsuki Kaguya,12,5,2016,7.5,https://www.imdb.com//title/tt5679584
461,21,3,Hagoromo to Hamura,19,5,2016,7.8,https://www.imdb.com//title/tt5679586
462,21,4,Tsukurareta kako,26,5,2016,8.2,https://www.imdb.com//title/tt5713452
463,21,5,Iga-sei nanbâwan!,2,6,2016,8.4,https://www.imdb.com//title/tt5713454
464,21,6,Ninshû,9,6,2016,7.6,https://www.imdb.com//title/tt5713460
465,21,7,Ashura to Indora,16,6,2016,7.4,https://www.imdb.com//title/tt5785302
466,21,8,Shiren no tabi,30,6,2016,7.3,https://www.imdb.com//title/tt5814274
467,21,9,Ashura no ketsui,7,7,2016,7.6,https://www.imdb.com//title/tt5814278
468,21,10,Kôkeisha,21,7,2016,8.1,https://www.imdb.com//title/tt5872336
469,21,11,Tokubetsu ninmu,28,7,2016,7.9,https://www.imdb.com//title/tt5872338
470,21,12,Tsunagaru omoi,4,8,2016,8.4,https://www.imdb.com//title/tt5872344
471,21,13,Futari o chanto,11,8,2016,8.3,https://www.imdb.com//title/tt5974108
472,21,14,Omae wa kanarazu,18,8,2016,8.7,https://www.imdb.com//title/tt5975886
473,21,15,Sharingan futatabi,25,8,2016,8.9,https://www.imdb.com//title/tt5975890
474,21,16,Omedetô,1,9,2016,9.5,https://www.imdb.com//title/tt5975892
475,21,17,Shûmatsu no tani,8,9,2016,8.6,https://www.imdb.com//title/tt5975896
476,21,18,Saigo no tatakai,29,9,2016,9.4,https://www.imdb.com//title/tt6045352
477,21,19,Naruto to Sasuke,29,9,2016,9.3,https://www.imdb.com//title/tt6071338
478,21,20,Wakai no shirushi,6,10,2016,9.5,https://www.imdb.com//title/tt6089392
479,21,21,"Uzumaki Naruto!! ""Saishûkai""",13,10,2016,9.1,https://www.imdb.com//title/tt6130618
480,22,1,Naruto to Hinata,20,10,2016,7.1,https://www.imdb.com//title/tt6130626
481,22,2,Sasuke to Sakura,27,10,2016,6.3,https://www.imdb.com//title/tt6137062
482,22,3,Gaara to Shikamaru,3,11,2016,6.3,https://www.imdb.com//title/tt6137088
483,22,4,Jiraiya to Kakashi,10,11,2016,6.5,https://www.imdb.com//title/tt6137090
484,22,5,Kibaku ningen,1,12,2016,7.1,https://www.imdb.com//title/tt6205646
485,22,6,Koroshiamu,8,12,2016,7.1,https://www.imdb.com//title/tt6272604
486,22,7,Fûshin,15,12,2016,7.1,https://www.imdb.com//title/tt6317232
487,22,8,Ketsuryûgan,22,12,2016,6.8,https://www.imdb.com//title/tt6338808
488,22,9,Saigo no hitori,5,1,2017,7.6,https://www.imdb.com//title/tt6338860
489,22,10,Fûun,12,1,2017,7.2,https://www.imdb.com//title/tt6393060
490,22,11,An'un,19,1,2017,6.7,https://www.imdb.com//title/tt6422758
491,22,12,Yamikumo,26,1,2017,6.7,https://www.imdb.com//title/tt6459150
492,22,13,Giun,2,2,2017,6.8,https://www.imdb.com//title/tt6471478
493,22,14,Shinonome,9,2,2017,7.1,https://www.imdb.com//title/tt6493392
494,22,15,Naruto no kekkon,16,2,2017,7.0,https://www.imdb.com//title/tt6527370
495,22,16,Furupawâ kekkon iwai,16,2,2017,6.4,https://www.imdb.com//title/tt6541902
496,22,17,Yukemuri to hyôrôgan,23,2,2017,7.3,https://www.imdb.com//title/tt6542132
497,22,18,Kazekage no oiwai,2,3,2017,7.0,https://www.imdb.com//title/tt6542138
498,22,19,Saigo no ninmu,9,3,2017,6.4,https://www.imdb.com//title/tt6542146
499,22,20,Gokuhi ninmu no yukue,16,3,2017,7.4,https://www.imdb.com//title/tt6626162
500,22,21,Iwai no kotoba,23,3,2017,9.2,https://www.imdb.com//title/tt6636106
